City,Country,Lat,Lng,Max Temp,Humidity,Cloudiness,Wind Speed,Current Description
Ushuaia,AR,-54.8,-68.3,44.26,61,0,6.91,clear sky
Pangai,TO,-19.8,-174.35,82.51,57,40,13.8,scattered clouds
Bichura,RU,50.5881,107.6022,29.41,58,99,5.26,overcast clouds
Hilo,US,19.7297,-155.09,85.24,69,20,10.36,few clouds
Notse,TG,6.95,1.1667,73.53,97,99,2.39,overcast clouds
Bredasdorp,ZA,-34.5322,20.0403,52.14,93,30,6.13,scattered clouds
Mar Del Plata,AR,-38.0023,-57.5575,50.09,78,40,13.8,scattered clouds
Busselton,AU,-33.65,115.3333,55.18,56,68,10.87,broken clouds
Vaini,TO,-21.2,-175.2,77.16,78,75,8.05,broken clouds
Rikitea,PF,-23.1203,-134.9692,75.13,62,7,4.65,clear sky
Tuktoyaktuk,CA,69.4541,-133.0374,26.6,80,100,4.61,overcast clouds
Kindu,CD,-2.95,25.95,68.92,99,85,1.5,light rain
Ilulissat,GL,69.2167,-51.1,30.22,93,75,4.61,broken clouds
Dunedin,NZ,-45.8742,170.5036,49.15,72,45,20.13,scattered clouds
Aklavik,CA,68.2191,-135.0107,29.5,92,99,4.79,light snow
Thompson,CA,55.7435,-97.8558,69.96,40,40,17.27,scattered clouds
Yermish,RU,54.7678,42.2711,61.05,92,100,12.15,overcast clouds
Broome,US,42.2506,-75.833,53.65,79,0,6.91,clear sky
Vestmannaeyjar,IS,63.4427,-20.2734,50.85,95,100,20.18,light rain
Saint-Philippe,RE,-21.3585,55.7679,67.59,78,24,8.5,few clouds
Bluff,NZ,-46.6,168.3333,47.8,53,95,20.67,overcast clouds
Albany,US,42.6001,-73.9662,51.67,65,100,7.9,overcast clouds
Upernavik,GL,72.7868,-56.1549,20.8,87,19,9.42,few clouds
Passy,FR,45.9203,6.6877,56.48,92,60,3.71,broken clouds
New Norfolk,AU,-42.7826,147.0587,55.92,64,99,2.3,overcast clouds
Lorengau,PG,-2.0226,147.2712,85.21,67,27,9.08,scattered clouds
Xicotencatl,MX,23.0167,-98.8833,78.75,63,82,2.24,broken clouds
Mahebourg,MU,-20.4081,57.7,70.25,77,20,8.05,few clouds
Srednekolymsk,RU,67.45,153.6833,26.87,74,93,2.53,overcast clouds
Port Alfred,ZA,-33.5906,26.891,61.18,98,8,1.99,clear sky
Jaguaruna,BR,-28.615,-49.0256,60.78,92,14,5.41,few clouds
Los Llanos De Aridane,ES,28.6585,-17.9182,68.13,66,75,8.05,broken clouds
Mount Abu,IN,24.6,72.7,63.39,76,0,3.33,clear sky
Dudinka,RU,69.4058,86.1778,31.62,95,100,17.6,light snow
Ribeira Grande,PT,38.5167,-28.7,71.74,87,96,10.16,light rain
Avarua,CK,-21.2078,-159.775,77.05,61,20,19.57,few clouds
Jamestown,US,42.097,-79.2353,51.39,71,20,4.61,few clouds
Loukhi,RU,66.0764,33.0381,38.28,97,82,5.35,broken clouds
Amga,RU,60.8953,131.9608,27.5,70,100,8.68,overcast clouds
Yulara,AU,-25.2406,130.9889,75.74,45,21,16.78,few clouds
Hamilton,US,39.1834,-84.5333,65.25,63,20,17.27,few clouds
Punta Arenas,CL,-53.15,-70.9167,44.71,70,0,10.36,clear sky
Leshukonskoye,RU,64.8989,45.7622,36.73,98,100,4.52,overcast clouds
Qasigiannguit,GL,68.8193,-51.1922,30.45,92,97,4.43,overcast clouds
Beringovskiy,RU,63.05,179.3167,40.78,72,96,14.25,overcast clouds
Vao,NC,-22.6667,167.4833,70.12,73,100,14.32,overcast clouds
Port Lincoln,AU,-34.7333,135.8667,62.71,64,100,13.35,overcast clouds
Constitucion,CL,-35.3333,-72.4167,51.62,92,39,8.86,scattered clouds
Andreapol,RU,56.6513,32.2664,42.3,95,100,14.09,light rain
Mataura,NZ,-46.1927,168.8643,47.48,53,62,9.66,broken clouds
Urucara,BR,-2.5364,-57.76,79.57,67,97,1.77,overcast clouds
Pisco,PE,-13.7,-76.2167,61.02,82,20,14.97,mist
Port Elizabeth,ZA,-33.918,25.5701,62.89,88,0,19.57,clear sky
East London,ZA,-33.0153,27.9116,66.65,93,28,6.02,scattered clouds
Haines Junction,CA,60.7522,-137.5108,55.35,35,64,4.61,broken clouds
Ponta Delgada,PT,37.7333,-25.6667,74.5,88,20,12.66,few clouds
Kangaatsiaq,GL,68.3065,-53.4641,35.44,76,90,6.82,overcast clouds
Chuy,UY,-33.6971,-53.4616,53.98,85,3,6.46,clear sky
Poum,NC,-20.2333,164.0167,74.5,66,95,14.25,overcast clouds
Nanortalik,GL,60.1432,-45.2371,36.73,83,37,10.85,scattered clouds
Pithoro,PK,25.5167,69.3833,77.85,72,33,10.33,scattered clouds
Puerto Ayora,EC,-0.7393,-90.3518,65.55,94,85,3.0,overcast clouds
Lompoc,US,34.6391,-120.4579,77.77,67,0,12.66,clear sky
Hay River,CA,60.8156,-115.7999,51.78,54,20,18.41,few clouds
Butaritari,KI,3.0707,172.7902,82.72,71,70,19.15,broken clouds
Severo-Kurilsk,RU,50.6789,156.125,48.25,63,97,9.78,overcast clouds
Yellowknife,CA,62.456,-114.3525,46.92,57,40,18.41,scattered clouds
Carnarvon,AU,-24.8667,113.6333,66.52,56,0,18.12,clear sky
Dingle,PH,10.9995,122.6711,82.33,83,94,6.64,overcast clouds
Clarence Town,AU,-32.5833,151.7833,65.14,53,1,2.89,clear sky
Kapaa,US,22.0752,-159.319,81.12,79,100,18.41,overcast clouds
Gravdal,NO,68.1214,13.5031,50.67,87,100,10.8,overcast clouds
Bull Savanna,JM,17.8868,-77.5902,77.65,84,92,4.29,overcast clouds
San Andres,CO,12.5847,-81.7006,80.62,83,75,2.3,broken clouds
Donskoye,RU,45.4552,41.9741,69.93,69,97,17.36,overcast clouds
Hermanus,ZA,-34.4187,19.2345,57.33,80,5,12.19,clear sky
Rio Grande,BR,-32.035,-52.0986,57.31,87,8,2.42,clear sky
Ternate,ID,0.8,127.4,82.15,70,92,3.18,overcast clouds
Faya,SA,18.3851,42.4509,60.91,62,7,1.32,clear sky
Baza,ES,37.4907,-2.7726,65.57,60,97,1.99,overcast clouds
Lebu,CL,-37.6167,-73.65,50.52,86,83,4.54,broken clouds
Bunia,CD,1.5667,30.25,61.79,96,100,4.18,overcast clouds
Muros,ES,42.7762,-9.0603,59.85,89,99,6.42,overcast clouds
Cabo San Lucas,MX,22.8909,-109.9124,90.7,69,81,5.21,broken clouds
Orsha,BY,54.5153,30.4053,43.68,95,100,22.59,moderate rain
Shingu,JP,33.7333,135.9833,75.85,75,80,6.02,broken clouds
Biak,ID,-0.9131,122.8766,80.02,76,91,2.13,overcast clouds
Bilibino,RU,68.0546,166.4372,30.7,83,100,0.47,overcast clouds
Druzhba,UA,52.0428,33.9453,46.26,90,100,16.17,overcast clouds
Atuona,PF,-9.8,-139.0333,76.86,76,23,16.91,light rain
Cape Town,ZA,-33.9258,18.4232,59.11,86,40,5.75,scattered clouds
San Luis,AR,-33.295,-66.3356,68.68,34,32,9.22,scattered clouds
Qaanaaq,GL,77.484,-69.3632,8.55,73,18,7.72,few clouds
Tecoanapa,MX,16.5167,-98.75,81.12,77,28,5.64,scattered clouds
Kizukuri,JP,40.8061,140.3861,68.95,89,100,4.07,moderate rain
Khor,RU,47.8861,134.9464,61.09,82,100,11.16,overcast clouds
Barrow,US,71.2906,-156.7887,28.42,74,75,20.71,haze
Necochea,AR,-38.5473,-58.7368,43.34,74,76,9.17,broken clouds
Kodiak,US,57.79,-152.4072,54.91,62,100,9.22,overcast clouds
Saldanha,ZA,-33.0117,17.9442,55.45,83,3,2.08,clear sky
Hasaki,JP,35.7333,140.8333,75.22,66,99,6.71,overcast clouds
Zhangye,CN,38.9342,100.4517,44.92,18,99,5.88,overcast clouds
Floro,NO,61.5996,5.0328,51.76,87,75,13.8,broken clouds
Ulladulla,AU,-35.35,150.4667,60.13,59,11,4.99,few clouds
Hinton,CA,53.4001,-117.5857,68.29,43,14,5.93,few clouds
Castro,BR,-24.7911,-50.0119,59.94,89,55,4.65,broken clouds
Chokurdakh,RU,70.6333,147.9167,21.94,73,70,9.24,broken clouds
Kargasok,RU,59.0556,80.8572,26.87,84,51,6.11,broken clouds
Fortuna,US,40.5982,-124.1573,63.91,76,19,3.0,few clouds
Vallenar,CL,-28.5708,-70.7581,65.77,45,5,2.28,clear sky
Mosquera,CO,4.7059,-74.2302,60.89,59,20,10.36,few clouds
Mende,FR,44.6667,3.5,42.22,97,39,4.34,scattered clouds
Mozarlandia,BR,-14.7447,-50.5706,81.1,56,70,6.55,broken clouds
Saint-Francois,FR,46.4154,3.9054,58.44,94,75,4.61,broken clouds
Sulangan,PH,11.1373,123.7228,83.39,75,83,6.35,broken clouds
Tuatapere,NZ,-46.1333,167.6833,48.16,66,99,13.2,overcast clouds
Saint-Joseph,RE,-21.3667,55.6167,66.58,78,17,7.07,few clouds
Salalah,OM,17.0151,54.0924,80.69,78,75,6.91,broken clouds
Cherskiy,RU,68.75,161.3,28.56,88,100,12.44,overcast clouds
Arraial Do Cabo,BR,-22.9661,-42.0278,69.66,94,75,9.22,broken clouds
Bossangoa,CF,6.4926,17.4552,69.1,97,89,3.56,light rain
College,US,64.8569,-147.8028,45.07,88,100,0.0,overcast clouds
Skjervoy,NO,70.0311,20.9714,45.19,64,70,1.97,broken clouds
Almonte,ES,37.2647,-6.5167,73.87,44,10,4.83,clear sky
Mujiayingzi,CN,42.1167,118.7833,41.14,83,100,13.76,light rain
Dwarka,IN,22.2394,68.9678,80.62,72,4,7.9,clear sky
Kahului,US,20.8947,-156.47,86.02,62,40,14.97,scattered clouds
Hobart,AU,-42.8794,147.3294,56.26,73,75,8.05,broken clouds
Liverpool,GB,53.4106,-2.9779,51.1,90,40,4.61,scattered clouds
Metro,ID,-5.1131,105.3067,76.12,84,100,3.47,overcast clouds
Santa Cruz De La Palma,ES,28.6835,-17.7642,72.14,78,100,8.05,overcast clouds
Klaksvik,FO,62.2266,-6.589,52.72,88,42,21.99,scattered clouds
Saint Anthony,US,45.0205,-93.218,71.49,54,20,13.8,few clouds
Sao Filipe,CV,14.8961,-24.4956,78.06,71,69,7.61,broken clouds
Jumla,NP,29.2747,82.1838,51.51,82,0,4.85,clear sky
Gat,IL,31.61,34.7642,77.4,71,0,4.74,clear sky
Paracatu,BR,-17.2222,-46.8747,72.63,69,92,8.03,overcast clouds
Terenos,BR,-20.4422,-54.8603,80.31,61,0,3.44,clear sky
Ukiah,US,39.1502,-123.2078,83.44,53,0,3.44,clear sky
Nikolskoye,RU,59.7035,30.7861,44.49,92,97,6.04,overcast clouds
Toguchin,RU,55.2353,84.3858,28.76,89,13,2.73,few clouds
Georgetown,MY,5.4112,100.3354,78.89,92,20,3.44,few clouds
Namuac,PH,18.6109,121.1657,82.09,75,47,10.76,scattered clouds
Zambezi,ZM,-13.5432,23.1047,64.06,37,25,5.06,scattered clouds
Victoria,HK,22.2855,114.1577,84.38,83,16,5.01,few clouds
Champerico,GT,14.3,-91.9167,82.94,84,89,2.06,overcast clouds
Kieta,PG,-6.2167,155.6333,85.62,62,28,4.83,scattered clouds
Luderitz,NA,-26.6481,15.1594,58.12,75,0,14.7,clear sky
Kavieng,PG,-2.5744,150.7967,84.83,67,5,9.17,light rain
Inuvik,CA,68.3499,-133.7218,29.16,90,100,8.05,light snow
Provideniya,RU,64.3833,-173.3,41.36,75,40,13.42,scattered clouds
Talnakh,RU,69.4865,88.3972,31.21,94,89,12.46,light snow
Adrar,MR,20.5022,-10.0711,89.1,32,93,7.31,light rain
Bambous Virieux,MU,-20.3428,57.7575,70.21,77,20,8.05,few clouds
Genhe,CN,50.7833,121.5167,31.55,40,1,3.31,clear sky
Beloha,MG,-25.1667,45.05,66.11,75,0,3.91,clear sky
San Quintin,MX,30.4833,-115.95,70.02,72,27,13.51,scattered clouds
Zhigansk,RU,66.7697,123.3711,23.22,82,91,3.24,overcast clouds
Lasa,IT,46.6166,10.7002,47.35,96,36,7.4,scattered clouds
Coquimbo,CL,-29.9533,-71.3436,55.13,94,100,11.5,overcast clouds
Kota,IN,25.1833,75.8333,76.89,60,6,7.7,clear sky
Prykolotne,UA,50.1604,37.3474,51.03,90,100,15.23,light rain
Kuala Terengganu,MY,5.3302,103.1408,73.35,100,40,3.44,scattered clouds
Manta,EC,-0.95,-80.7333,74.98,78,75,9.22,broken clouds
Opuwo,NA,-18.0607,13.84,71.91,24,0,1.99,clear sky
Kavaratti,IN,10.5669,72.642,79.95,80,100,12.53,overcast clouds
Hithadhoo,MV,-0.6,73.0833,81.39,68,72,14.61,broken clouds
Pembroke,CA,45.8168,-77.1162,44.19,67,0,2.89,clear sky
Faanui,PF,-16.4833,-151.75,78.91,72,31,14.25,scattered clouds
Tasiilaq,GL,65.6145,-37.6368,39.36,98,100,18.3,light rain
Esperance,AU,-33.8667,121.9,55.42,79,79,19.08,broken clouds
Byron Bay,AU,-28.65,153.6167,62.94,66,71,8.39,broken clouds
Kinablangan,PH,7.6947,126.5503,82.71,71,99,0.43,light rain
Komsomolskiy,UZ,40.4272,71.7189,54.32,58,6,6.91,clear sky
Crateus,BR,-5.1783,-40.6775,82.69,29,16,1.63,few clouds
Awbari,LY,26.5921,12.7805,79.95,45,1,9.69,clear sky
Khani,GE,41.9563,42.9566,63.97,62,96,3.29,overcast clouds
Susuman,RU,62.7833,148.1667,18.34,82,100,3.2,overcast clouds
Rock Springs,US,41.5875,-109.2029,63.84,38,100,6.91,overcast clouds
Khatanga,RU,71.9667,102.5,24.19,96,100,11.36,light snow
Cidreira,BR,-30.1811,-50.2056,61.18,89,44,7.11,scattered clouds
Cayenne,GF,4.9333,-52.3333,78.84,89,20,1.14,few clouds
Makakilo City,US,21.3469,-158.0858,79.12,79,100,12.66,light rain
Cascais,PT,38.6979,-9.4215,74.55,82,0,1.01,clear sky
Jinchang,CN,38.4953,102.1739,45.86,32,98,3.44,overcast clouds
Hirara,JP,24.8,125.2833,80.87,83,20,4.61,few clouds
Panzhihua,CN,26.5851,101.7128,69.33,90,36,0.47,scattered clouds
Grindavik,IS,63.8424,-22.4338,50.47,93,75,20.71,light rain
Poretskoye,RU,55.1974,46.3291,58.69,93,100,12.28,overcast clouds
Itaituba,BR,-4.2761,-55.9836,79.75,67,91,1.39,very heavy rain
Katsuura,JP,35.1333,140.3,75.69,66,75,7.9,broken clouds
Oriximina,BR,-1.7656,-55.8661,78.46,75,93,4.54,overcast clouds
Kutulik,RU,53.3508,102.7839,27.64,84,96,4.83,overcast clouds
Fort Portal,UG,0.6617,30.2748,58.26,95,93,2.77,overcast clouds
Husavik,IS,66.0449,-17.3389,43.92,80,81,10.65,broken clouds
Bengkulu,ID,-3.8004,102.2655,75.2,91,99,4.81,overcast clouds
Fairfield,US,41.2668,-73.3162,54.1,54,40,14.97,scattered clouds
Egvekinot,RU,66.3167,-179.1667,28.63,71,97,5.06,overcast clouds
Cibeureum,ID,-7.3552,108.2693,73.8,96,100,1.83,overcast clouds
Nakonde,ZM,-9.3421,32.745,60.78,55,8,7.34,clear sky
Tiksi,RU,71.6872,128.8694,24.44,90,100,8.19,overcast clouds
Durant,US,33.994,-96.3708,84.56,13,0,5.75,clear sky
Nome,US,64.5011,-165.4064,46.17,53,0,11.5,clear sky
Aneho,TG,6.2333,1.6,75.4,85,99,5.75,overcast clouds
Heze,CN,35.2431,115.4411,68.16,90,94,8.16,overcast clouds
Xihe,CN,31.6864,113.4659,86.38,50,6,11.74,clear sky
Bandarbeyla,SO,9.4942,50.8122,76.93,82,97,23.33,overcast clouds
Coihaique,CL,-45.5752,-72.0662,61.41,58,100,0.0,overcast clouds
Twin Falls,US,42.3505,-114.6445,70.14,26,0,9.22,clear sky
Sitamau,IN,24.0167,75.35,71.74,71,0,7.7,clear sky
Farmersville,US,36.2977,-119.2068,85.89,40,0,8.05,clear sky
Imeni Babushkina,RU,59.7573,43.1285,48.51,95,100,2.71,overcast clouds
Nhulunbuy,AU,-12.2333,136.7667,83.01,78,75,9.22,broken clouds
Kjopsvik,NO,68.097,16.3742,44.47,87,100,7.02,overcast clouds
San Cristobal,VE,7.7669,-72.225,75.38,94,76,2.57,broken clouds
Kardymovo,RU,54.8902,32.4311,46.58,96,100,16.13,light rain
Maceio,BR,-9.6658,-35.7353,74.64,88,75,6.91,broken clouds
Bairiki,KI,1.3292,172.9752,87.8,62,40,12.66,scattered clouds
Dumka,IN,24.2667,87.25,76.87,86,100,3.83,overcast clouds
San Patricio,US,28.017,-97.5169,82.35,44,100,8.88,overcast clouds
Chapais,CA,49.7834,-74.8492,40.78,64,31,3.89,scattered clouds
Solnechnyy,RU,50.7214,136.6319,46.27,97,100,3.58,moderate rain
Gondanglegi,ID,-7.7479,112.0132,79.48,81,89,9.93,overcast clouds
Beyneu,KZ,45.3167,55.2,51.31,44,0,12.39,clear sky
Khvoynaya,RU,58.9,34.5333,42.37,89,100,10.45,overcast clouds
El Campo,US,29.1966,-96.2697,82.69,26,0,3.44,clear sky
Narsaq,GL,60.9167,-46.05,37.62,62,41,4.5,scattered clouds
Verkhnyaya Inta,RU,65.9811,60.3094,39.27,93,100,5.79,light rain
Bathsheba,BB,13.2167,-59.5167,79.41,94,40,5.75,light rain
Sitka,US,57.0531,-135.33,55.29,62,20,5.75,few clouds
Ipixuna,BR,-1.7625,-48.8043,77.67,87,100,6.2,overcast clouds
Namatanai,PG,-3.6667,152.4333,85.84,63,13,6.2,few clouds
Lavrentiya,RU,65.5833,-171.0,39.38,70,28,11.61,scattered clouds
Pevek,RU,69.7008,170.3133,30.52,86,100,10.36,overcast clouds
Svetlogorsk,BY,52.6333,29.7333,43.12,93,100,22.91,overcast clouds
Trelew,AR,-43.249,-65.3051,50.95,50,100,17.58,overcast clouds
Hobyo,SO,5.3505,48.5268,76.24,87,97,20.74,overcast clouds
Arlit,NE,18.7369,7.3853,91.99,11,0,13.42,clear sky
Kudahuvadhoo,MV,2.6708,72.8944,81.57,74,100,18.01,heavy intensity rain
Estrela,BR,-28.0611,-50.9383,54.41,92,0,4.85,clear sky
Cordoba,AR,-31.4135,-64.1811,72.75,21,0,10.36,clear sky
Manjacaze,MZ,-24.7117,33.8828,65.1,96,0,5.5,clear sky
Dicabisagan,PH,17.0818,122.4157,82.09,79,85,5.17,overcast clouds
Mehamn,NO,71.0357,27.8492,40.91,93,100,5.75,overcast clouds
Alakurtti,RU,66.9672,30.3491,41.45,99,100,3.74,overcast clouds
Oistins,BB,13.0667,-59.5333,78.89,94,40,5.75,scattered clouds
Pokosnoye,RU,55.5258,101.0536,26.4,89,99,7.43,overcast clouds
Ketchikan,US,55.3422,-131.6461,55.87,71,20,12.66,few clouds
Vila Franca Do Campo,PT,37.7167,-25.4333,74.19,87,60,12.06,broken clouds
Bam,IR,29.106,58.357,74.61,22,0,6.46,clear sky
Ongandjera,NA,-17.8833,15.0667,72.0,18,0,9.33,clear sky
Coban,GT,15.4833,-90.3667,67.78,83,100,0.0,overcast clouds
Vardo,NO,70.3705,31.1107,40.98,93,100,5.75,overcast clouds
Nipawin,CA,53.3668,-104.0009,71.64,43,0,10.36,clear sky
Buin,CL,-33.7333,-70.75,73.44,79,1,3.51,clear sky
Garissa,KE,-0.4536,39.6401,71.8,77,49,15.19,scattered clouds
Okhotsk,RU,59.3833,143.3,36.99,73,100,10.0,overcast clouds
Clyde River,CA,70.4692,-68.5914,30.43,69,100,4.61,overcast clouds
Yuksekova,TR,37.5736,44.2872,42.55,56,20,2.3,few clouds
Langres,FR,47.8333,5.3333,51.19,97,91,6.35,overcast clouds
Loandjili,CG,-4.7561,11.8578,76.77,84,89,5.28,overcast clouds
Iqaluit,CA,63.7506,-68.5145,28.13,79,75,2.3,broken clouds
Noumea,NC,-22.2763,166.4572,73.99,99,100,10.02,overcast clouds
Gao,ML,16.6362,1.637,92.43,31,28,9.69,scattered clouds
Marechal Candido Rondon,BR,-24.5561,-54.0567,65.03,78,10,4.27,clear sky
Taoudenni,ML,22.6783,-3.9836,93.25,23,34,9.04,scattered clouds
Dikson,RU,73.5069,80.5464,31.14,93,100,21.45,light snow
Shitanjing,CN,39.2342,106.3439,46.31,65,100,7.83,overcast clouds
Shelburne,CA,44.0787,-80.2041,48.96,67,0,5.75,clear sky
Port Hedland,AU,-20.3167,118.5667,77.05,73,53,8.05,broken clouds
Dom Pedrito,BR,-30.9828,-54.6731,55.06,80,0,6.15,clear sky
Itapage,BR,-3.6867,-39.5861,73.17,75,24,6.35,few clouds
Akhmeta,GE,42.0311,45.2075,61.32,65,88,1.3,overcast clouds
Libourne,FR,44.9167,-0.25,57.7,94,99,2.84,overcast clouds
Geraldton,AU,-28.7667,114.6,59.41,72,66,12.66,broken clouds
Raudeberg,NO,61.9875,5.1352,50.67,1,64,21.32,broken clouds
Arrecife,ES,28.963,-13.5477,73.38,78,20,8.05,few clouds
Saint George,US,37.1041,-113.5841,87.44,37,75,13.8,broken clouds
Rio Gallegos,AR,-51.6226,-69.2181,48.25,46,31,18.41,haze
Imbituba,BR,-28.24,-48.6703,61.32,88,21,8.46,few clouds
Asau,RO,46.4333,26.4,51.28,72,60,8.01,broken clouds
Meulaboh,ID,4.1363,96.1285,75.99,85,98,3.04,overcast clouds
Tra Vinh,VN,9.9347,106.3453,78.58,87,100,3.91,overcast clouds
Paita,PE,-5.0892,-81.1144,63.72,86,58,14.56,broken clouds
Rawson,AR,-43.3002,-65.1023,49.86,56,100,18.07,overcast clouds
Santa Clarita,US,34.3917,-118.5426,91.38,40,0,5.75,clear sky
Neringa,LT,55.3719,21.0647,55.45,80,11,10.2,few clouds
Korla,CN,41.7597,86.1469,45.55,26,0,13.22,clear sky
North Bend,US,43.4065,-124.2243,60.71,88,100,6.91,overcast clouds
Santa Vitoria Do Palmar,BR,-33.5189,-53.3681,54.79,77,4,5.97,clear sky
Ixtapa,MX,20.7,-105.2,82.22,89,100,2.3,overcast clouds
Charagua,BO,-19.8,-63.2167,67.01,61,99,6.33,overcast clouds
Senador Guiomard,BR,-10.1522,-67.7392,76.75,52,46,4.63,scattered clouds
Sungaipenuh,ID,-2.0833,101.3833,65.55,93,89,1.25,overcast clouds
Lerwick,GB,60.1545,-1.1494,53.6,92,78,17.22,broken clouds
Takoradi,GH,4.8845,-1.7554,74.75,91,43,5.3,scattered clouds
Sao Joao Da Barra,BR,-21.6403,-41.0511,73.49,88,43,4.68,scattered clouds
Araouane,ML,18.9048,-3.5265,92.43,29,8,3.87,clear sky
Louis Trichardt,ZA,-23.0439,29.9032,67.42,46,0,3.06,clear sky
Tyup,KG,42.7276,78.3648,44.89,51,11,2.86,few clouds
Mkushi,ZM,-13.6202,29.3939,63.91,33,0,4.81,clear sky
Vaitape,PF,-16.5167,-151.75,78.89,72,35,14.18,scattered clouds
General Roca,AR,-39.0333,-67.5833,66.61,36,100,29.44,overcast clouds
Zhigalovo,RU,54.8097,105.1578,29.46,83,100,7.07,overcast clouds
Ola,RU,59.5833,151.2833,37.15,53,100,10.83,overcast clouds
Te Anau,NZ,-45.4167,167.7167,46.15,84,89,3.85,overcast clouds
Helong,CN,42.5397,128.9972,60.87,84,86,2.66,overcast clouds
Marsa Matruh,EG,31.3525,27.2453,75.4,69,0,11.5,clear sky
Yar-Sale,RU,66.8333,70.8333,36.25,83,100,13.67,overcast clouds
Zhongshu,CN,24.5167,103.7667,61.27,96,97,1.95,overcast clouds
Vila Velha,BR,-20.3297,-40.2925,75.15,86,75,8.01,broken clouds
Terney,RU,45.0503,136.6092,61.41,79,64,3.78,broken clouds
Havelock,US,34.8791,-76.9013,69.78,81,100,8.05,overcast clouds
Sangar,RU,63.9242,127.4739,22.91,77,84,8.63,broken clouds
Hovd,MN,48.0056,91.6419,20.01,46,4,3.51,clear sky
Tiznit,MA,29.5833,-9.5,74.89,35,0,3.2,clear sky
Llanes,ES,43.4198,-4.7549,64.54,79,100,7.23,overcast clouds
Nawa,IN,27.0167,75.0,76.48,56,0,11.45,clear sky
Verkhnyaya Toyma,RU,62.2349,44.9985,44.17,94,100,6.31,overcast clouds
Bayan,CN,46.0833,127.4,47.82,80,100,14.09,overcast clouds
Zacualpan,MX,21.25,-105.1667,79.29,81,100,8.61,overcast clouds
Touros,BR,-5.1989,-35.4608,76.82,74,9,15.46,clear sky
Bethel,US,41.3712,-73.414,53.96,56,40,10.36,scattered clouds
Klyuchi,RU,52.2667,79.1667,29.41,76,2,7.18,clear sky
Wamba,NG,8.9333,8.6,70.75,96,64,1.28,broken clouds
Xuchang,CN,34.0167,113.8167,70.43,86,80,9.98,broken clouds
Mala,PE,-12.6581,-76.6308,63.45,82,81,7.2,broken clouds
Kingussie,GB,57.08,-4.0523,45.39,95,85,6.08,overcast clouds
Grand Gaube,MU,-20.0064,57.6608,69.39,65,48,3.0,scattered clouds
Orange Cove,US,36.6244,-119.3137,89.6,33,0,4.61,clear sky
Urumqi,CN,43.801,87.6005,32.95,51,0,0.0,clear sky
Fairbanks,US,64.8378,-147.7164,44.6,88,75,0.0,broken clouds
Krasnoarmeysk,RU,51.0239,45.6969,60.03,65,100,17.94,overcast clouds
Port Blair,IN,11.6667,92.75,78.84,89,40,2.3,mist
Carutapera,BR,-1.195,-46.02,79.16,81,51,8.86,broken clouds
Codrington,AU,-38.2667,141.9667,59.97,69,99,3.06,overcast clouds
Tinglev,DK,54.931,9.2524,53.74,91,7,13.8,clear sky
Yeppoon,AU,-23.1333,150.7333,67.78,74,89,14.92,overcast clouds
Humaita,BR,-7.5061,-63.0208,75.69,81,37,1.43,scattered clouds
Hutchinson,US,38.0608,-97.9298,80.55,23,0,10.36,clear sky
Tarakan,ID,3.3,117.6333,78.3,89,40,4.61,light rain
Bagdarin,RU,54.4333,113.6,22.51,47,94,3.74,overcast clouds
Jaipur,IN,26.9167,75.8167,79.92,57,20,4.61,haze
Male,MV,4.1748,73.5089,80.55,83,75,18.41,broken clouds
Bahar,IR,34.9072,48.4414,56.46,53,0,1.48,clear sky
Junction City,US,39.0286,-96.8314,78.4,33,0,1.99,clear sky
Prince Rupert,CA,54.3161,-130.3201,56.89,87,100,4.61,overcast clouds
Alice Springs,AU,-23.7,133.8833,74.75,54,100,14.97,overcast clouds
Shakawe,BW,-18.3667,21.85,67.23,25,0,3.65,clear sky
Burnie,AU,-41.0667,145.9167,58.95,56,99,5.73,overcast clouds
Torbay,CA,47.6666,-52.7314,45.39,73,75,6.91,broken clouds
The Valley,AI,18.217,-63.0578,82.54,78,40,6.91,scattered clouds
Kachug,RU,53.9606,105.8817,28.29,84,100,5.32,overcast clouds
Warri,NG,5.5167,5.75,72.95,95,99,1.68,overcast clouds
Berehomet,UA,48.1788,25.3486,46.11,77,21,6.62,few clouds
Erenhot,CN,43.6475,111.9767,35.29,48,99,19.15,overcast clouds
Paraiso,CR,9.8383,-83.8656,67.42,98,100,1.92,overcast clouds
Kyzyl-Suu,KG,42.3414,78.0056,46.72,50,21,5.35,few clouds
Pacific Grove,US,36.6177,-121.9166,73.08,67,20,9.22,smoke
Danville,US,36.586,-79.395,56.28,95,100,5.99,overcast clouds
Lata,PT,40.1629,-8.3327,60.93,38,15,4.32,few clouds
Chadiza,ZM,-14.0678,32.4392,66.42,34,0,2.93,clear sky
Olafsvik,IS,64.8945,-23.7142,49.05,84,93,21.14,overcast clouds
Carmelo,UY,-33.9892,-58.2856,60.87,61,12,12.12,few clouds
Flinders,AU,-34.5833,150.8552,63.18,60,10,5.99,clear sky
Soke,ML,13.598,-5.9386,77.74,82,70,7.63,broken clouds
Tagusao,PH,9.1924,117.8141,82.0,79,100,6.29,overcast clouds
North Fort Myers,US,26.6673,-81.8801,79.05,58,0,9.62,clear sky
Bilma,NE,18.6853,12.9164,88.95,13,0,8.7,clear sky
Saint-Leu,RE,-21.15,55.2833,68.83,73,38,3.06,scattered clouds
Lourdes,FR,43.1,-0.05,59.52,94,20,3.44,few clouds
Yigou,CN,35.8114,114.3167,66.87,91,90,7.65,overcast clouds
Blairmore,CA,49.6,-114.4353,71.19,26,0,3.62,clear sky
Balikpapan,ID,-1.2675,116.8289,77.99,94,75,4.61,broken clouds
Mokrousovo,RU,55.8103,66.7653,37.9,49,100,10.16,overcast clouds
Eureka,US,40.8021,-124.1637,71.67,79,28,3.0,scattered clouds
Ekibastuz,KZ,51.6667,75.3667,33.71,61,7,7.25,clear sky
Tres Arroyos,AR,-38.3739,-60.2798,41.72,86,71,7.99,broken clouds
Acapulco,MX,16.8634,-99.8901,79.52,85,46,4.09,scattered clouds
Maslovka,RU,51.5535,39.2357,61.32,87,100,12.73,light rain
Berlevag,NO,70.8578,29.0864,40.95,81,100,4.61,overcast clouds
Wagar,SD,16.1525,36.2032,90.73,29,55,6.82,broken clouds
Port Hueneme,US,34.1478,-119.1951,82.13,65,0,17.27,clear sky
Half Moon Bay,US,37.4636,-122.4286,75.88,65,20,17.27,few clouds
Bor,RU,56.3567,44.0669,58.93,96,100,9.4,overcast clouds
Krutinka,RU,56.0055,71.5113,30.4,74,1,9.13,clear sky
Beidao,CN,34.5686,105.8933,49.78,80,100,4.83,overcast clouds
Tambopata,PE,-12.7333,-69.1833,80.49,69,0,0.0,clear sky
Sergeyevka,KZ,53.88,67.4158,31.12,51,0,6.06,clear sky
Labe,GN,11.3182,-12.2833,64.67,96,94,0.56,overcast clouds
Bubaque,GW,11.2833,-15.8333,80.65,78,83,8.39,moderate rain
Ostrovnoy,RU,68.0531,39.5131,35.13,85,50,10.11,scattered clouds
Mitsamiouli,KM,-11.3847,43.2844,73.62,76,0,3.87,clear sky
Yumen,CN,40.2833,97.2,34.18,13,45,13.42,scattered clouds
Hamina,FI,60.5697,27.1979,40.28,85,97,8.97,overcast clouds
Leningradskiy,RU,69.3833,178.4167,29.39,80,100,2.8,overcast clouds
Fort Nelson,CA,58.8053,-122.7002,62.19,25,75,9.22,broken clouds
Soe,ID,-9.8607,124.284,76.24,67,37,0.63,scattered clouds
Abu Dhabi,AE,24.4667,54.3667,84.22,82,0,4.61,clear sky
Cantapoy,PH,9.4906,125.4364,82.47,69,100,0.81,overcast clouds
Sahuaripa,MX,29.05,-109.2333,87.31,44,3,2.51,clear sky
Galle,LK,6.0367,80.217,80.06,80,99,21.43,overcast clouds
Salmo,CA,49.1999,-117.2689,81.07,51,0,4.0,clear sky
Antofagasta,CL,-23.65,-70.4,58.28,75,46,4.83,scattered clouds
Tokur,RU,53.1333,132.9,28.87,77,100,6.11,overcast clouds
Seoul,KR,37.5683,126.9778,71.17,100,100,5.75,light rain
Hofn,IS,64.2539,-15.2082,45.9,75,99,0.98,overcast clouds
Prabumulih,ID,-3.45,104.25,74.07,93,86,1.39,overcast clouds
Chernyshevskiy,RU,63.0128,112.4714,26.46,85,99,6.17,overcast clouds
Alofi,NU,-19.0595,-169.9187,80.49,61,50,12.66,scattered clouds
Ranong,TH,9.9658,98.6348,75.13,89,100,1.12,overcast clouds
Charters Towers,AU,-20.1,146.2667,80.44,49,74,12.03,broken clouds
Tura,IN,25.5198,90.2201,72.63,97,100,2.95,heavy intensity rain
Huangzhai,CN,38.0751,112.6595,59.41,89,100,11.86,overcast clouds
Kruisfontein,ZA,-34.0033,24.7314,56.88,65,0,15.26,clear sky
Qui Nhon,VN,13.7667,109.2333,77.77,88,93,5.3,overcast clouds
Luis Correia,BR,-2.8792,-41.6669,78.69,83,21,15.64,few clouds
Airai,TL,-8.9266,125.4092,68.63,73,93,1.03,overcast clouds
Tilichiki,RU,60.4667,166.1,36.91,71,100,8.05,overcast clouds
Brae,GB,60.3964,-1.353,53.55,91,70,16.98,broken clouds
Kaitangata,NZ,-46.2817,169.8464,50.29,56,54,15.79,broken clouds
Vung Tau,VN,10.346,107.0843,80.62,83,100,11.1,overcast clouds
Visby,SE,57.6409,18.296,50.22,93,100,8.05,overcast clouds
Scarborough,GB,54.2797,-0.4044,52.66,86,25,1.01,scattered clouds
Asosa,ET,10.0667,34.5333,59.18,94,54,4.09,light rain
Portland,US,45.5234,-122.6762,89.89,40,0,9.22,clear sky
Ancud,CL,-41.8697,-73.8203,50.49,78,100,5.75,overcast clouds
Pasni,PK,25.2631,63.471,78.53,85,0,8.21,clear sky
Vanavara,RU,60.34,102.2797,27.32,92,100,5.59,overcast clouds
Padang,ID,-0.9492,100.3543,77.11,89,95,2.84,overcast clouds
Telfs,AT,47.3,11.0667,55.58,98,95,2.89,light rain
Omboue,GA,-1.5746,9.2618,75.67,89,100,4.83,overcast clouds
Albanel,CA,48.8832,-72.4487,37.38,75,1,4.61,clear sky
Berwick,US,41.0545,-76.2333,55.87,85,100,5.64,overcast clouds
Gazanjyk,TM,39.2446,55.5154,55.02,14,0,13.85,clear sky
Russell,US,32.3502,-85.1999,78.08,47,0,9.22,clear sky
Dukat,RU,62.55,155.55,18.45,88,90,5.19,overcast clouds
Progreso,MX,21.2833,-89.6667,82.11,75,58,11.3,broken clouds
Montepuez,MZ,-13.1256,38.9997,65.19,85,0,3.89,clear sky
Gimli,CA,50.6336,-96.9907,60.82,82,13,5.75,few clouds
Akureyri,IS,65.6835,-18.0878,44.53,70,0,10.36,clear sky
Launceston,AU,-41.45,147.1667,56.8,77,75,5.75,broken clouds
Mount Gambier,AU,-37.8333,140.7667,59.04,71,92,2.77,overcast clouds
Flagstaff,US,35.1981,-111.6513,68.02,54,20,4.61,few clouds
Northam,GB,51.0333,-4.2167,46.26,80,96,4.03,overcast clouds
Redlands,US,34.0556,-117.1825,90.55,46,4,6.8,clear sky
Garoua,CM,9.3,13.4,74.39,93,85,4.09,light rain
Buala,SB,-8.145,159.5921,85.48,68,36,4.94,scattered clouds
Tucuman,AR,-26.8241,-65.2226,77.0,38,40,5.75,scattered clouds
Caramay,PH,10.1815,119.236,83.46,78,100,7.76,overcast clouds
Haverfordwest,GB,51.8017,-4.9691,44.19,78,94,3.69,overcast clouds
Viedma,AR,-40.8135,-62.9967,45.16,69,90,10.71,overcast clouds
Antsla,EE,57.8256,26.5406,41.85,90,100,6.8,overcast clouds
Poya,NC,-21.35,165.15,75.76,58,100,8.12,overcast clouds
Lubumbashi,CD,-11.6609,27.4794,64.35,27,0,3.76,clear sky
Pallasovka,RU,50.05,46.8833,63.61,43,99,20.71,overcast clouds
Edd,ER,13.9297,41.6925,88.93,58,84,1.88,broken clouds
Yangcun,CN,39.3639,117.0603,66.18,91,100,5.57,moderate rain
Udachnyy,RU,66.4167,112.4,18.99,93,99,9.71,overcast clouds
Jermuk,AM,39.8417,45.6723,50.0,42,32,1.99,scattered clouds
San Carlos,VE,9.6612,-68.5827,75.36,90,88,2.62,overcast clouds
Saint-Pierre,RE,-21.3393,55.4781,67.68,66,20,8.05,few clouds
Itainopolis,BR,-7.4469,-41.4783,80.92,23,10,4.92,clear sky
Moron,AR,-34.6534,-58.6198,65.01,74,16,11.5,few clouds
Gorlice,PL,49.6556,21.1604,51.28,91,64,13.96,broken clouds
Hauterive,FR,46.0901,3.4459,57.96,84,54,2.15,broken clouds
Vengerovo,RU,55.6848,76.7471,29.35,67,7,2.57,clear sky
Chifeng,CN,42.2683,118.9636,41.29,80,100,15.17,light rain
Willowmore,ZA,-33.2926,23.4895,60.46,55,0,3.67,clear sky
Kaeo,NZ,-35.1,173.7833,67.32,84,80,9.91,light rain
Zogno,IT,45.7919,9.6562,63.32,79,0,3.44,clear sky
Yarada,IN,17.65,83.2667,81.12,79,100,4.36,overcast clouds
Darhan,MN,49.4867,105.9228,27.79,49,33,4.92,scattered clouds
Pavino,RU,59.1139,46.1414,45.0,97,77,3.51,broken clouds
Coihueco,CL,-36.6167,-71.8333,57.94,72,0,6.91,clear sky
Altamira,BR,-3.2033,-52.2064,81.86,53,91,1.19,overcast clouds
Tarko-Sale,RU,64.9225,77.785,32.09,74,100,15.12,overcast clouds
Saskylakh,RU,71.9167,114.0833,26.08,94,100,13.47,overcast clouds
Roald,NO,62.5833,6.1333,52.32,82,75,17.27,broken clouds
Busayra,JO,30.7376,35.6078,67.37,53,0,2.8,clear sky
Matagami,CA,49.7502,-77.6328,35.71,80,0,2.3,clear sky
Na Klang,TH,17.3072,102.1889,72.7,96,100,2.71,overcast clouds
Wajir,KE,1.7471,40.0573,73.09,62,83,14.63,broken clouds
Safranbolu,TR,41.2508,32.6942,55.11,89,59,1.97,broken clouds
Praia Da Vitoria,PT,38.7333,-27.0667,71.76,100,75,15.3,light intensity shower rain
Namibe,AO,-15.1961,12.1522,63.46,88,17,5.46,few clouds
Ihosy,MG,-22.4,46.1167,58.55,94,4,3.22,clear sky
Mackay,AU,-21.15,149.2,74.68,71,90,14.18,light rain
Khorramabad,IR,33.4878,48.3558,65.86,18,0,1.45,clear sky
Menzelinsk,RU,55.7271,53.1026,54.1,68,100,16.93,overcast clouds
Nantucket,US,41.2835,-70.0995,55.51,75,100,24.16,overcast clouds
Westport,US,41.1415,-73.3579,55.22,54,100,14.97,overcast clouds
Aykhal,RU,66.0,111.5,18.46,94,99,10.74,overcast clouds
Dargaville,NZ,-35.9333,173.8833,58.98,92,68,13.35,broken clouds
Bowen,AU,-20.0167,148.2333,77.68,69,52,12.97,broken clouds
Rocha,UY,-34.4833,-54.3333,51.55,92,6,8.77,clear sky
Itarema,BR,-2.9248,-39.9167,77.63,80,6,16.58,clear sky
Fuyu,CN,45.1833,124.8167,43.09,88,100,15.55,overcast clouds
Igrim,RU,63.1906,64.4162,38.25,86,100,10.65,light rain
Casimiro Castillo,MX,19.6,-104.4333,72.73,98,100,2.28,overcast clouds
Staryy Nadym,RU,65.6118,72.6842,34.68,76,100,15.21,overcast clouds
Chernitsyno,RU,51.5074,36.051,51.28,92,100,14.83,overcast clouds
Port Hardy,CA,50.6996,-127.4199,55.58,88,20,3.44,fog
Kavarna,BG,43.4333,28.3333,57.58,69,18,10.2,few clouds
Ibiapina,BR,-3.9233,-40.8894,68.76,62,16,3.8,few clouds
Port Moresby,PG,-9.4431,147.1797,85.42,70,20,3.44,haze
Sampit,ID,-2.5333,112.95,77.16,93,100,1.52,light rain
Cuddapah,IN,14.4667,78.8167,75.51,84,95,4.14,overcast clouds
Norman Wells,CA,65.282,-126.8329,35.64,87,75,2.3,broken clouds
Sorland,NO,67.667,12.6934,51.66,88,100,17.43,overcast clouds
Misratah,LY,32.3754,15.0925,74.66,66,0,12.19,clear sky
Waverly,US,42.7392,-84.6208,57.36,72,3,10.2,clear sky
Dahra,DZ,36.2546,0.8519,79.99,34,100,4.83,overcast clouds
Micheweni,TZ,-4.9667,39.8333,73.89,73,19,10.78,few clouds
Mildura,AU,-34.2,142.15,67.62,41,99,13.09,overcast clouds
Menongue,AO,-14.6585,17.691,65.39,30,58,3.0,broken clouds
Dospat,BG,41.65,24.1667,45.55,56,0,3.62,clear sky
Alyangula,AU,-13.8483,136.4192,83.98,61,83,11.52,broken clouds
Mogadishu,SO,2.0371,45.3438,76.53,80,86,16.69,overcast clouds
Kem,RU,64.9555,34.5793,37.51,89,10,4.61,clear sky
Bardiyah,LY,31.7561,25.0865,74.57,70,0,19.64,clear sky
Calcutta,IN,22.5697,88.3697,80.55,83,40,6.91,haze
Anadyr,RU,64.75,177.4833,36.1,69,40,2.24,scattered clouds
Gisborne,NZ,-38.6533,178.0042,62.13,81,76,1.43,moderate rain
San Juan,AR,-31.5375,-68.5364,76.28,28,0,20.89,clear sky
Zyryanka,RU,65.75,150.85,27.88,79,99,2.98,overcast clouds
Lhokseumawe,ID,5.1801,97.1507,76.32,88,100,4.72,overcast clouds
Praia,CV,14.9215,-23.5087,79.34,69,75,12.66,broken clouds
Palm Coast,US,29.585,-81.2078,77.07,76,0,5.99,clear sky
Trincomalee,LK,8.5711,81.2335,80.33,78,100,20.94,overcast clouds
Bayshore Gardens,US,27.4253,-82.5904,76.12,68,0,12.26,clear sky
Dauphin,CA,51.1494,-100.0502,64.54,63,0,12.66,clear sky
Lamar,US,33.6668,-95.5836,74.98,34,0,5.84,clear sky
Najran,SA,17.4924,44.1277,68.65,18,32,1.19,scattered clouds
Taksimo,RU,56.3444,114.8794,26.22,61,97,4.36,overcast clouds
Kualakapuas,ID,-3.0091,114.3876,79.32,87,99,2.21,overcast clouds
Oussouye,SN,12.485,-16.5469,80.69,84,97,4.03,overcast clouds
Shirokiy,RU,49.758,129.523,35.67,84,100,12.17,overcast clouds
Ilorin,NG,8.5,4.55,75.56,94,20,3.44,few clouds
Liepaja,LV,56.5419,21.0367,49.98,93,100,13.8,overcast clouds
Cockburn Town,TC,21.4612,-71.1419,83.25,75,99,6.17,overcast clouds
Buckeye,US,33.3703,-112.5838,98.83,28,0,0.0,clear sky
Cubuk,TR,40.2386,33.0322,53.06,71,0,5.75,clear sky
Kailua,US,21.4022,-157.7394,80.58,88,50,5.01,scattered clouds
Guangyuan,CN,32.442,105.823,60.06,90,87,8.3,overcast clouds
Kaduy,RU,59.2,37.15,43.3,94,100,8.39,overcast clouds
Suluq,LY,31.6682,20.2521,72.23,66,0,11.59,clear sky
Lagoa,PT,39.05,-27.9833,70.74,87,100,3.8,light rain
Kloulklubed,PW,7.0419,134.2556,84.7,74,97,8.66,overcast clouds
Kokstad,ZA,-30.5472,29.4241,62.13,48,0,5.23,clear sky
Mapiripan,CO,2.8892,-72.1256,77.61,75,72,1.3,broken clouds
Tomatlan,MX,19.9333,-105.25,74.95,93,100,5.35,overcast clouds
Moindou,NC,-21.6924,165.677,74.5,62,100,10.71,overcast clouds
Sao Lourenco Do Oeste,BR,-26.3592,-52.8511,54.43,90,30,4.16,scattered clouds
Olinda,BR,-8.0089,-34.8553,76.73,78,75,6.91,broken clouds
Andenes,NO,69.3143,16.1194,44.92,93,100,4.61,overcast clouds
Zwedru,LR,6.0667,-8.1281,71.44,100,100,2.3,moderate rain
Ponta Do Sol,PT,32.6667,-17.1,70.43,81,20,3.62,few clouds
Harare,ZW,-17.8294,31.0539,60.82,50,0,8.05,clear sky
Ewa Beach,US,21.3156,-158.0072,80.55,74,100,5.75,overcast clouds
Saint Augustine,US,29.8947,-81.3145,76.01,81,0,7.27,clear sky
Aiquile,BO,-18.2041,-65.1807,60.58,66,86,8.34,overcast clouds
Verkhnevilyuysk,RU,63.4453,120.3167,26.08,86,78,2.19,broken clouds
Santo Antonio Do Ica,BR,-3.1022,-67.9397,73.99,98,46,0.92,scattered clouds
Puerto Leguizamo,CO,-0.1934,-74.7819,76.53,78,99,2.75,overcast clouds
Merauke,ID,-8.4667,140.3333,83.32,74,55,8.95,broken clouds
Cacoal,BR,-11.4386,-61.4472,74.43,90,99,2.46,light rain
Makaryev,RU,57.8797,43.8069,47.25,93,87,5.23,overcast clouds
Aquiraz,BR,-3.9014,-38.3911,80.69,84,13,12.39,few clouds
Bafoulabe,ML,13.8065,-10.8321,75.34,90,98,2.06,overcast clouds
Calama,CL,-22.4667,-68.9333,66.69,3,0,12.66,clear sky
Hualmay,PE,-11.0964,-77.6139,62.76,82,60,9.84,broken clouds
Pokhara,NP,28.2333,83.9833,68.45,49,0,6.42,clear sky
Pocinhos,BR,-7.0767,-36.0611,68.29,92,21,13.15,few clouds
Atambua,ID,-9.1061,124.8925,80.08,72,94,1.41,overcast clouds
Manzhouli,CN,49.6,117.4333,27.52,55,1,20.02,clear sky
Talcahuano,CL,-36.7167,-73.1167,51.48,82,75,1.14,broken clouds
Iquique,CL,-20.2208,-70.1431,59.04,79,37,0.18,scattered clouds
Ondjiva,AO,-17.0667,15.7333,70.84,20,0,7.09,clear sky
Wanning,CN,18.8003,110.3967,80.8,83,44,4.03,scattered clouds
Ugoofaaru,MV,5.6667,73.0,79.88,78,100,20.38,overcast clouds
Butte,US,39.6499,-121.5677,84.29,39,0,4.29,clear sky
Rajauri,IN,33.3833,74.3,66.45,37,0,5.99,clear sky
Buraydah,SA,26.326,43.975,70.25,14,0,8.1,clear sky
Anchorage,US,61.2181,-149.9003,50.27,87,100,4.0,light rain
Woodward,US,36.4337,-99.3904,81.52,17,0,9.22,clear sky
Laguna,US,38.421,-121.4238,86.34,41,0,6.91,clear sky
Kamariotissa,GR,40.4833,25.4667,70.74,50,0,14.09,clear sky
Sambava,MG,-14.2667,50.1667,64.98,83,15,6.6,few clouds
Caravelas,BR,-17.7125,-39.2481,73.92,90,20,7.74,few clouds
Ambilobe,MG,-13.2,49.05,63.16,78,2,3.96,clear sky
Camacha,PT,33.0833,-16.3333,65.62,77,20,6.91,few clouds
Morant Bay,JM,17.8815,-76.4093,82.02,82,96,1.68,overcast clouds
Haibara,JP,34.5333,135.95,74.19,67,95,3.98,overcast clouds
Batemans Bay,AU,-35.7167,150.1833,59.09,56,10,5.41,clear sky
Ormara,PK,25.2088,64.6357,79.11,82,15,8.72,few clouds
Souillac,MU,-20.5167,57.5167,68.38,77,20,8.05,few clouds
Peniche,PT,39.3558,-9.3811,69.46,57,1,10.33,clear sky
Longyearbyen,SJ,78.2186,15.6401,35.44,100,75,2.3,light intensity drizzle rain
Channarayapatna,IN,12.9044,76.3917,69.03,87,100,6.17,overcast clouds
Mbanza-Ngungu,CD,-5.25,14.8667,70.77,84,90,7.36,light rain
Cape Canaveral,US,28.4058,-80.6048,79.99,69,0,4.97,clear sky
Waipawa,NZ,-41.4122,175.5153,48.52,94,100,11.68,overcast clouds
Sobolevo,RU,54.4299,31.8996,46.76,96,100,15.23,light rain
Tulsipur,NP,28.131,82.2973,70.54,73,0,4.29,clear sky
Brigantine,US,39.4101,-74.3646,54.01,93,100,18.41,mist
Dabola,GN,10.75,-11.1167,70.75,96,56,2.26,broken clouds
Loreto,MX,22.2667,-101.9667,69.31,28,87,19.37,overcast clouds
Awjilah,LY,29.1081,21.2869,75.7,46,0,16.64,clear sky
Zhezkazgan,KZ,47.8043,67.7144,30.18,43,0,13.42,clear sky
Bartica,GY,6.4,-58.6167,80.92,96,77,2.89,broken clouds
Daru,PG,-9.0763,143.2092,82.47,80,78,11.7,broken clouds
Carmarthen,GB,51.8555,-4.3054,51.89,93,20,2.3,few clouds
Kulykivka,UA,51.3735,31.6466,43.9,92,100,20.78,light rain
Berlin,DE,52.5244,13.4105,52.99,86,20,9.22,few clouds
Veraval,IN,20.9,70.3667,78.87,80,14,7.09,few clouds
Alexandria,EG,31.2156,29.9553,75.74,75,0,13.49,clear sky
Riverton,US,40.5219,-111.9391,71.85,41,0,9.22,clear sky
Agadir,MA,30.4202,-9.5982,70.25,48,0,6.17,clear sky
Quatre Cocos,MU,-20.2078,57.7625,69.1,69,36,12.8,scattered clouds
Tevriz,RU,57.509,72.4042,26.71,83,14,5.12,few clouds
Jawhar,SO,2.7809,45.5005,74.7,80,95,13.15,overcast clouds
Pimenta Bueno,BR,-11.6725,-61.1936,74.39,89,100,2.19,overcast clouds
Emerald,AU,-23.5333,148.1667,68.14,83,100,10.36,overcast clouds
Desnogorsk,RU,54.1508,33.2815,52.39,98,100,5.1,light rain
Uddevalla,SE,58.3478,11.9424,45.21,97,9,0.92,clear sky
Princeton,US,25.5384,-80.4089,82.02,68,54,1.01,broken clouds
Biltine,TD,14.5333,20.9167,79.21,61,8,12.5,clear sky
Preobrazheniye,RU,42.9019,133.9064,59.59,91,99,0.6,overcast clouds
Svetlaya,RU,46.5389,138.3297,60.39,74,38,10.33,scattered clouds
Da Nang,VN,16.0678,108.2208,78.78,94,40,0.0,scattered clouds
Aleksandrov Gay,RU,50.147,48.5704,62.28,42,92,19.91,overcast clouds
Navrongo,GH,10.8956,-1.0921,75.6,85,54,2.98,broken clouds
Mayo,US,38.8876,-76.5119,55.56,94,100,13.0,overcast clouds
Odienne,CI,9.51,-7.5692,72.23,92,100,4.81,moderate rain
Diapaga,BF,12.0708,1.7889,76.8,81,45,6.13,light rain
Fukue,JP,32.6881,128.8419,77.36,83,75,10.36,broken clouds
Rabo De Peixe,PT,37.8,-25.5833,73.27,78,20,11.5,few clouds
Samarkand,UZ,39.6542,66.9597,54.82,41,62,9.22,broken clouds
Tocopilla,CL,-22.092,-70.1979,62.56,66,27,7.18,scattered clouds
Nishihara,JP,26.1842,127.7558,83.48,70,20,11.5,few clouds
Qitaihe,CN,45.8,130.85,60.44,82,91,6.17,moderate rain
Springbok,ZA,-29.6643,17.8865,52.48,36,0,3.98,clear sky
Paragominas,BR,-2.9667,-47.4833,80.51,62,87,5.06,overcast clouds
Vanimo,PG,-2.6741,141.3028,84.27,67,74,7.29,broken clouds
Nalut,LY,30.3333,10.85,73.44,48,0,13.58,clear sky
Laje,BR,-10.1833,-40.9667,76.95,43,13,7.09,few clouds
Point Pedro,LK,9.8167,80.2333,81.66,76,100,11.12,overcast clouds
La Ronge,CA,55.1001,-105.2842,66.51,49,27,7.52,scattered clouds
Camalu,MX,30.85,-116.0667,70.43,71,9,12.33,clear sky
Castanas,PH,13.8822,121.5517,80.1,81,100,11.36,light rain
Gushikawa,JP,26.3544,127.8686,83.43,83,8,11.99,clear sky
Road Town,VG,18.4167,-64.6167,82.87,76,99,10.58,overcast clouds
Borogontsy,RU,62.6683,131.1683,24.33,79,86,7.9,overcast clouds
Tulun,RU,54.5611,100.5792,25.77,89,60,3.8,broken clouds
Khandyga,RU,62.6667,135.6,25.05,51,72,4.41,broken clouds
Chota,PE,-6.55,-78.65,54.07,94,90,4.34,overcast clouds
Manggar,ID,-2.8833,108.2667,78.48,85,100,3.94,overcast clouds
Phuket,TH,8.0,98.25,85.12,89,20,2.3,few clouds
Susurluk,TR,39.9136,28.1578,63.84,65,0,3.02,clear sky
Salo,IT,45.6086,10.531,60.89,77,1,3.89,clear sky
Carbonear,CA,47.7332,-53.2148,46.11,66,100,10.13,overcast clouds
Severo-Yeniseyskiy,RU,60.3725,93.0408,25.84,88,100,5.26,overcast clouds
Jorpeland,NO,59.0225,6.0408,54.14,90,40,5.84,scattered clouds
Tynda,RU,55.1667,124.7167,23.32,75,53,6.53,broken clouds
Sorong,ID,-0.8833,131.25,80.35,79,78,4.09,broken clouds
Tigil,RU,57.8,158.6667,39.04,90,100,13.09,light rain
Ayagoz,KZ,47.9714,80.4392,29.23,59,0,12.88,clear sky
Athabasca,CA,54.7169,-113.2854,68.7,39,13,11.39,few clouds
Marawi,PH,7.9986,124.2928,75.63,79,100,1.12,overcast clouds
Potiskum,NG,11.7091,11.0694,77.52,75,100,14.74,overcast clouds
Kendari,ID,-3.945,122.4989,80.69,86,84,0.92,broken clouds
Maragogi,BR,-9.0122,-35.2225,74.25,78,31,9.04,scattered clouds
Santa Isabel Do Rio Negro,BR,-0.4139,-65.0192,73.87,97,100,2.28,overcast clouds
Otane,NZ,-39.8833,176.6333,57.0,88,99,3.44,overcast clouds
Aktau,KZ,43.65,51.2,57.78,26,61,26.11,broken clouds
Limache,CL,-33.0167,-71.2667,55.15,94,1,1.36,clear sky
Popondetta,PG,-8.7537,148.2534,90.68,49,7,4.41,clear sky
Honiara,SB,-9.4333,159.95,85.73,69,50,4.23,scattered clouds
Tikrit,IQ,34.6071,43.6782,77.63,22,0,3.56,clear sky
Santa Rosa,PH,14.3122,121.1114,80.1,81,100,10.63,heavy intensity rain
Pangnirtung,CA,66.1451,-65.7125,30.63,60,1,3.44,clear sky
Kinshasa,CD,-4.3246,15.3215,74.66,87,99,1.79,overcast clouds
Kaitong,CN,44.8135,123.15,40.3,91,100,16.69,overcast clouds
Komsomolets,KZ,53.7453,62.0708,39.88,35,87,7.85,overcast clouds
Novoseleznevo,RU,55.6821,69.2056,29.12,70,1,7.31,clear sky
Sabha,LY,27.0377,14.4283,78.98,52,0,17.58,clear sky
Srivardhan,IN,18.0333,73.0167,76.51,87,25,5.23,scattered clouds
Priladozhskiy,RU,59.85,31.4833,42.53,1,93,9.8,overcast clouds
Tabou,CI,4.423,-7.3528,75.47,92,90,6.31,light rain
Kushima,JP,31.4583,131.2333,76.77,77,39,4.99,scattered clouds
Lazaro Cardenas,MX,17.9583,-102.2,79.45,85,77,3.4,broken clouds
Maldonado,UY,-34.6667,-54.9167,55.22,91,14,7.85,few clouds
Kalmunai,LK,7.4167,81.8167,81.01,64,100,9.19,overcast clouds
Oranjestad,AW,12.524,-70.027,85.95,70,40,13.8,scattered clouds
Alugan,PH,12.2188,125.4808,84.22,73,100,7.81,overcast clouds
Oum Hadjer,TD,13.2954,19.6966,78.26,68,32,18.3,scattered clouds
Veseloyarsk,RU,51.2836,81.1056,26.04,94,5,7.83,clear sky
Kayes,ML,14.0,-11.0,76.06,83,91,3.51,overcast clouds
Banda Aceh,ID,5.5577,95.3222,79.61,73,83,13.42,broken clouds
Quang Ngai,VN,15.1167,108.8,76.93,88,78,3.0,broken clouds
Raga,SS,8.4596,25.678,70.72,91,80,3.22,broken clouds
Nacogdoches,US,31.6002,-94.6335,78.48,43,43,4.34,scattered clouds
Petropavlovsk-Kamchatskiy,RU,53.0452,158.6483,45.19,61,20,4.47,few clouds
Aksu,CN,41.1231,80.2644,51.84,29,67,3.96,broken clouds
Yuzhno-Sukhokumsk,RU,44.6581,45.6436,69.53,57,100,23.35,overcast clouds
Shostka,UA,51.863,33.4698,44.69,90,100,18.37,overcast clouds
Tigzirt,DZ,36.8886,4.1198,74.43,59,74,7.18,broken clouds
Kyrksaeterora,NO,63.2906,9.0891,48.15,87,92,8.97,light rain
Coos Bay,US,43.3665,-124.2179,61.99,100,16,1.01,few clouds
